{
  "cod": "200",
  "message": 0.0029,
  "city": {
    "id": 4923210,
    "name": "Marion",
    "coord": {
      "lon": -85.659142,
      "lat": 40.558369
    },
    "country": "US",
    "population": 29948
  },
  "cnt": 1,
  "list": [
    {
      "dt": 1423328400,
      "temp": {
        "day": 37.04,
        "min": 37.04,
        "max": 38.25,
        "night": 38.25,
        "eve": 37.04,
        "morn": 37.04
      },
      "pressure": 990.32,
      "humidity": 92,
      "weather": [
        {
          "id": 800,
          "main": "Clear",
          "description": "sky is clear",
          "icon": "02n"
        }
      ],
      "speed": 11.17,
      "deg": 191,
      "clouds": 8
    }
  ]
}